series_id,model,selected,mae,rmse,wape,bias,absolute_error_sum,actual_sum,n
Daily orders,seasonal_naive,False,22.476190476190474,29.82249071390504,0.07862735299017158,-4.0476190476190474,944.0,12006.0,42
Daily orders,moving_average,False,40.73212011419979,48.78208505949522,0.14249117481229312,-4.155138549951715,1710.7490447963912,12006.0,42
Daily orders,ridge,True,20.753851290101753,26.116757667450756,0.07260217842614307,-10.169436652110488,871.6617541842736,12006.0,42
Daily orders,xgboost,False,22.90928686232794,29.595163927004265,0.08014243280174692,-9.344585963657924,962.1900482177734,12006.0,42
Support requests,seasonal_naive,False,16.952380952380953,20.25903678432347,0.11107644305772231,1.8095238095238095,712.0,6410.0,42
Support requests,moving_average,False,23.864434572626276,29.006340713776037,0.1563660299610458,-0.6609300903339136,1002.3062520503036,6410.0,42
Support requests,ridge,True,11.443021088523865,14.385517265785367,0.07497767327893952,-0.83452455560184,480.60688571800233,6410.0,42
Support requests,xgboost,False,13.274720146542503,16.087476021072632,0.0869794455779696,-1.6264207022530692,557.5382461547852,6410.0,42
Web traffic,seasonal_naive,False,34.0,41.79200196893454,0.06609887057952231,-1.1904761904761905,1428.0,21604.0,42
Web traffic,moving_average,False,66.012750112307,77.48713868530594,0.12833435959622727,2.524593763274457,2772.535504716894,21604.0,42
Web traffic,ridge,True,26.266939788202915,32.74679307720346,0.05106514863472146,-0.15457368136371552,1103.2114711045224,21604.0,42
Web traffic,xgboost,False,28.299159458705358,35.38063973989491,0.05501595525206559,1.1021728515625,1188.564697265625,21604.0,42
