series_id,date,prediction,lower,upper,model
Daily orders,2026-09-27,249.73679992286407,212.09022069496416,287.383379150764,ridge
Daily orders,2026-09-28,290.81195123120847,253.16537200330856,328.4585304591084,ridge
Daily orders,2026-09-29,333.795150403232,296.1485711753321,371.4417296311319,ridge
Daily orders,2026-09-30,346.9664524540494,309.31987322614947,384.6130316819493,ridge
Daily orders,2026-10-01,317.63077801923487,279.98419879133496,355.2773572471348,ridge
Daily orders,2026-10-02,258.1298683581922,220.4832891302923,295.7764475860921,ridge
Daily orders,2026-10-03,233.23988759907454,195.59330837117463,270.88646682697447,ridge
Daily orders,2026-10-04,242.8149290868838,205.1683498589839,280.4615083147837,ridge
Daily orders,2026-10-05,292.5176431932905,254.8710639653906,330.1642224211904,ridge
Daily orders,2026-10-06,328.5031667679923,290.8565875400924,366.1497459958922,ridge
Daily orders,2026-10-07,343.47039778793805,305.82381856003815,381.11697701583796,ridge
Daily orders,2026-10-08,318.0429505417039,280.39637131380397,355.6895297696038,ridge
Daily orders,2026-10-09,266.3625065980057,228.71592737010582,304.00908582590563,ridge
Daily orders,2026-10-10,230.6591519663541,193.0125727384542,268.305731194254,ridge
Support requests,2026-09-27,128.80016147439548,114.77755786084379,142.82276508794718,ridge
Support requests,2026-09-28,157.41952737781193,143.39692376426024,171.44213099136363,ridge
Support requests,2026-09-29,183.94378806804335,169.92118445449165,197.96639168159504,ridge
Support requests,2026-09-30,196.52808192702076,182.50547831346907,210.55068554057246,ridge
Support requests,2026-10-01,176.93350126966996,162.91089765611827,190.95610488322166,ridge
Support requests,2026-10-02,142.83931807875277,128.81671446520107,156.86192169230446,ridge
Support requests,2026-10-03,121.9857153274026,107.9631117138509,136.0083189409543,ridge
Support requests,2026-10-04,129.8903943296399,115.8677907160882,143.91299794319158,ridge
Support requests,2026-10-05,158.14779085737786,144.12518724382616,172.17039447092955,ridge
Support requests,2026-10-06,185.5037929280299,171.4811893144782,199.5263965415816,ridge
Support requests,2026-10-07,193.39571651607255,179.37311290252086,207.41832012962425,ridge
Support requests,2026-10-08,173.92069600044488,159.89809238689318,187.94329961399657,ridge
Support requests,2026-10-09,137.6427498962168,123.6201462826651,151.6653535097685,ridge
Support requests,2026-10-10,121.34774506422995,107.32514145067826,135.37034867778164,ridge
Web traffic,2026-09-27,472.4833236018822,417.3804518922663,527.5861953114982,ridge
Web traffic,2026-09-28,541.1676249080695,486.06475319845356,596.2704966176854,ridge
Web traffic,2026-09-29,597.0313077420972,541.9284360324813,652.1341794517131,ridge
Web traffic,2026-09-30,619.3928255864023,564.2899538767864,674.4956972960182,ridge
Web traffic,2026-10-01,565.2890010307204,510.18612932110454,620.3918727403363,ridge
Web traffic,2026-10-02,494.75676993141,439.6538982217941,549.859641641026,ridge
Web traffic,2026-10-03,432.62502038918245,377.52214867956656,487.72789209879835,ridge
Web traffic,2026-10-04,454.8743475545589,399.771475844943,509.9772192641748,ridge
Web traffic,2026-10-05,520.2093938771097,465.10652216749384,575.3122655867256,ridge
Web traffic,2026-10-06,589.5394597527707,534.4365880431548,644.6423314623866,ridge
Web traffic,2026-10-07,612.0549000953392,556.9520283857233,667.1577718049551,ridge
Web traffic,2026-10-08,563.024682655678,507.9218109460621,618.1275543652939,ridge
Web traffic,2026-10-09,487.5113119655887,432.4084402559728,542.6141836752046,ridge
Web traffic,2026-10-10,439.73211287032075,384.62924116070485,494.83498457993664,ridge
