date,series_id,value
2025-03-16,Web traffic,358
2025-03-17,Web traffic,395
2025-03-18,Web traffic,520
2025-03-19,Web traffic,547
2025-03-20,Web traffic,421
2025-03-21,Web traffic,363
2025-03-22,Web traffic,357
2025-03-23,Web traffic,363
2025-03-24,Web traffic,442
2025-03-25,Web traffic,488
2025-03-26,Web traffic,553
2025-03-27,Web traffic,499
2025-03-28,Web traffic,398
2025-03-29,Web traffic,376
2025-03-30,Web traffic,371
2025-03-31,Web traffic,400
2025-04-01,Web traffic,501
2025-04-02,Web traffic,477
2025-04-03,Web traffic,476
2025-04-04,Web traffic,369
2025-04-05,Web traffic,314
2025-04-06,Web traffic,315
2025-04-07,Web traffic,438
2025-04-08,Web traffic,470
2025-04-09,Web traffic,480
2025-04-10,Web traffic,435
2025-04-11,Web traffic,384
2025-04-12,Web traffic,334
2025-04-13,Web traffic,356
2025-04-14,Web traffic,431
2025-04-15,Web traffic,554
2025-04-16,Web traffic,505
2025-04-17,Web traffic,457
2025-04-18,Web traffic,375
2025-04-19,Web traffic,370
2025-04-20,Web traffic,405
2025-04-21,Web traffic,443
2025-04-22,Web traffic,495
2025-04-23,Web traffic,513
2025-04-24,Web traffic,506
2025-04-25,Web traffic,429
2025-04-26,Web traffic,373
2025-04-27,Web traffic,354
2025-04-28,Web traffic,446
2025-04-29,Web traffic,510
2025-04-30,Web traffic,526
2025-05-01,Web traffic,492
2025-05-02,Web traffic,391
2025-05-03,Web traffic,351
2025-05-04,Web traffic,348
2025-05-05,Web traffic,422
2025-05-06,Web traffic,500
2025-05-07,Web traffic,457
2025-05-08,Web traffic,440
2025-05-09,Web traffic,358
2025-05-10,Web traffic,306
2025-05-11,Web traffic,335
2025-05-12,Web traffic,458
2025-05-13,Web traffic,466
2025-05-14,Web traffic,538
2025-05-15,Web traffic,420
2025-05-16,Web traffic,384
2025-05-17,Web traffic,354
2025-05-18,Web traffic,387
2025-05-19,Web traffic,465
2025-05-20,Web traffic,541
2025-05-21,Web traffic,529
2025-05-22,Web traffic,479
2025-05-23,Web traffic,439
2025-05-24,Web traffic,362
2025-05-25,Web traffic,348
2025-05-26,Web traffic,421
2025-05-27,Web traffic,495
2025-05-28,Web traffic,549
2025-05-29,Web traffic,487
2025-05-30,Web traffic,421
2025-05-31,Web traffic,337
2025-06-01,Web traffic,366
2025-06-02,Web traffic,446
2025-06-03,Web traffic,486
2025-06-04,Web traffic,522
2025-06-05,Web traffic,439
2025-06-06,Web traffic,368
2025-06-07,Web traffic,318
2025-06-08,Web traffic,312
2025-06-09,Web traffic,430
2025-06-10,Web traffic,475
2025-06-11,Web traffic,509
2025-06-12,Web traffic,476
2025-06-13,Web traffic,401
2025-06-14,Web traffic,363
2025-06-15,Web traffic,363
2025-06-16,Web traffic,429
2025-06-17,Web traffic,513
2025-06-18,Web traffic,490
2025-06-19,Web traffic,451
2025-06-20,Web traffic,380
2025-06-21,Web traffic,343
2025-06-22,Web traffic,401
2025-06-23,Web traffic,435
2025-06-24,Web traffic,520
2025-06-25,Web traffic,584
2025-06-26,Web traffic,487
2025-06-27,Web traffic,437
2025-06-28,Web traffic,338
2025-06-29,Web traffic,372
2025-06-30,Web traffic,418
2025-07-01,Web traffic,501
2025-07-02,Web traffic,548
2025-07-03,Web traffic,423
2025-07-04,Web traffic,402
2025-07-05,Web traffic,345
2025-07-06,Web traffic,337
2025-07-07,Web traffic,382
2025-07-08,Web traffic,494
2025-07-09,Web traffic,495
2025-07-10,Web traffic,469
2025-07-11,Web traffic,387
2025-07-12,Web traffic,385
2025-07-13,Web traffic,355
2025-07-14,Web traffic,407
2025-07-15,Web traffic,515
2025-07-16,Web traffic,538
2025-07-17,Web traffic,526
2025-07-18,Web traffic,438
2025-07-19,Web traffic,379
2025-07-20,Web traffic,431
2025-07-21,Web traffic,430
2025-07-22,Web traffic,518
2025-07-23,Web traffic,528
2025-07-24,Web traffic,495
2025-07-25,Web traffic,389
2025-07-26,Web traffic,395
2025-07-27,Web traffic,386
2025-07-28,Web traffic,419
2025-07-29,Web traffic,498
2025-07-30,Web traffic,549
2025-07-31,Web traffic,511
2025-08-01,Web traffic,461
2025-08-02,Web traffic,434
2025-08-03,Web traffic,378
2025-08-04,Web traffic,406
2025-08-05,Web traffic,442
2025-08-06,Web traffic,524
2025-08-07,Web traffic,444
2025-08-08,Web traffic,377
2025-08-09,Web traffic,324
2025-08-10,Web traffic,356
2025-08-11,Web traffic,463
2025-08-12,Web traffic,511
2025-08-13,Web traffic,523
2025-08-14,Web traffic,454
2025-08-15,Web traffic,362
2025-08-16,Web traffic,351
2025-08-17,Web traffic,385
2025-08-18,Web traffic,511
2025-08-19,Web traffic,539
2025-08-20,Web traffic,583
2025-08-21,Web traffic,496
2025-08-22,Web traffic,400
2025-08-23,Web traffic,358
2025-08-24,Web traffic,382
2025-08-25,Web traffic,531
2025-08-26,Web traffic,517
2025-08-27,Web traffic,579
2025-08-28,Web traffic,478
2025-08-29,Web traffic,448
2025-08-30,Web traffic,380
2025-08-31,Web traffic,378
2025-09-01,Web traffic,447
2025-09-02,Web traffic,497
2025-09-03,Web traffic,541
2025-09-04,Web traffic,465
2025-09-05,Web traffic,363
2025-09-06,Web traffic,311
2025-09-07,Web traffic,369
2025-09-08,Web traffic,479
2025-09-09,Web traffic,510
2025-09-10,Web traffic,522
2025-09-11,Web traffic,487
2025-09-12,Web traffic,441
2025-09-13,Web traffic,366
2025-09-14,Web traffic,370
2025-09-15,Web traffic,488
2025-09-16,Web traffic,543
2025-09-17,Web traffic,596
2025-09-18,Web traffic,514
2025-09-19,Web traffic,399
2025-09-20,Web traffic,350
2025-09-21,Web traffic,453
2025-09-22,Web traffic,527
2025-09-23,Web traffic,544
2025-09-24,Web traffic,556
2025-09-25,Web traffic,557
2025-09-26,Web traffic,405
2025-09-27,Web traffic,359
2025-09-28,Web traffic,416
2025-09-29,Web traffic,454
2025-09-30,Web traffic,531
2025-10-01,Web traffic,540
2025-10-02,Web traffic,501
2025-10-03,Web traffic,449
2025-10-04,Web traffic,361
2025-10-05,Web traffic,391
2025-10-06,Web traffic,384
2025-10-07,Web traffic,509
2025-10-08,Web traffic,504
2025-10-09,Web traffic,446
2025-10-10,Web traffic,379
2025-10-11,Web traffic,348
2025-10-12,Web traffic,403
2025-10-13,Web traffic,415
2025-10-14,Web traffic,527
2025-10-15,Web traffic,535
2025-10-16,Web traffic,495
2025-10-17,Web traffic,458
2025-10-18,Web traffic,401
2025-10-19,Web traffic,444
2025-10-20,Web traffic,476
2025-10-21,Web traffic,534
2025-10-22,Web traffic,566
2025-10-23,Web traffic,531
2025-10-24,Web traffic,451
2025-10-25,Web traffic,366
2025-10-26,Web traffic,414
2025-10-27,Web traffic,486
2025-10-28,Web traffic,617
2025-10-29,Web traffic,613
2025-10-30,Web traffic,484
2025-10-31,Web traffic,418
2025-11-01,Web traffic,332
2025-11-02,Web traffic,370
2025-11-03,Web traffic,462
2025-11-04,Web traffic,555
2025-11-05,Web traffic,516
2025-11-06,Web traffic,468
2025-11-07,Web traffic,347
2025-11-08,Web traffic,354
2025-11-09,Web traffic,348
2025-11-10,Web traffic,435
2025-11-11,Web traffic,498
2025-11-12,Web traffic,541
2025-11-13,Web traffic,450
2025-11-14,Web traffic,384
2025-11-15,Web traffic,441
2025-11-16,Web traffic,367
2025-11-17,Web traffic,447
2025-11-18,Web traffic,603
2025-11-19,Web traffic,654
2025-11-20,Web traffic,494
2025-11-21,Web traffic,440
2025-11-22,Web traffic,413
2025-11-23,Web traffic,469
2025-11-24,Web traffic,463
2025-11-25,Web traffic,553
2025-11-26,Web traffic,597
2025-11-27,Web traffic,535
2025-11-28,Web traffic,431
2025-11-29,Web traffic,385
2025-11-30,Web traffic,364
2025-12-01,Web traffic,462
2025-12-02,Web traffic,528
2025-12-03,Web traffic,555
2025-12-04,Web traffic,481
2025-12-05,Web traffic,430
2025-12-06,Web traffic,394
2025-12-07,Web traffic,387
2025-12-08,Web traffic,462
2025-12-09,Web traffic,525
2025-12-10,Web traffic,543
2025-12-11,Web traffic,476
2025-12-12,Web traffic,430
2025-12-13,Web traffic,374
2025-12-14,Web traffic,456
2025-12-15,Web traffic,517
2025-12-16,Web traffic,558
2025-12-17,Web traffic,548
2025-12-18,Web traffic,494
2025-12-19,Web traffic,484
2025-12-20,Web traffic,412
2025-12-21,Web traffic,438
2025-12-22,Web traffic,448
2025-12-23,Web traffic,594
2025-12-24,Web traffic,598
2025-12-25,Web traffic,504
2025-12-26,Web traffic,442
2025-12-27,Web traffic,411
2025-12-28,Web traffic,420
2025-12-29,Web traffic,477
2025-12-30,Web traffic,548
2025-12-31,Web traffic,558
2026-01-01,Web traffic,516
2026-01-02,Web traffic,471
2026-01-03,Web traffic,306
2026-01-04,Web traffic,386
2026-01-05,Web traffic,465
2026-01-06,Web traffic,538
2026-01-07,Web traffic,536
2026-01-08,Web traffic,449
2026-01-09,Web traffic,430
2026-01-10,Web traffic,423
2026-01-11,Web traffic,351
2026-01-12,Web traffic,492
2026-01-13,Web traffic,533
2026-01-14,Web traffic,563
2026-01-15,Web traffic,491
2026-01-16,Web traffic,437
2026-01-17,Web traffic,438
2026-01-18,Web traffic,440
2026-01-19,Web traffic,546
2026-01-20,Web traffic,603
2026-01-21,Web traffic,602
2026-01-22,Web traffic,591
2026-01-23,Web traffic,477
2026-01-24,Web traffic,438
2026-01-25,Web traffic,423
2026-01-26,Web traffic,501
2026-01-27,Web traffic,547
2026-01-28,Web traffic,608
2026-01-29,Web traffic,495
2026-01-30,Web traffic,468
2026-01-31,Web traffic,388
2026-02-01,Web traffic,439
2026-02-02,Web traffic,494
2026-02-03,Web traffic,591
2026-02-04,Web traffic,576
2026-02-05,Web traffic,461
2026-02-06,Web traffic,424
2026-02-07,Web traffic,344
2026-02-08,Web traffic,380
2026-02-09,Web traffic,509
2026-02-10,Web traffic,558
2026-02-11,Web traffic,541
2026-02-12,Web traffic,487
2026-02-13,Web traffic,442
2026-02-14,Web traffic,363
2026-02-15,Web traffic,400
2026-02-16,Web traffic,503
2026-02-17,Web traffic,601
2026-02-18,Web traffic,606
2026-02-19,Web traffic,480
2026-02-20,Web traffic,477
2026-02-21,Web traffic,423
2026-02-22,Web traffic,451
2026-02-23,Web traffic,555
2026-02-24,Web traffic,521
2026-02-25,Web traffic,578
2026-02-26,Web traffic,560
2026-02-27,Web traffic,418
2026-02-28,Web traffic,451
2026-03-01,Web traffic,433
2026-03-02,Web traffic,513
2026-03-03,Web traffic,539
2026-03-04,Web traffic,592
2026-03-05,Web traffic,547
2026-03-06,Web traffic,442
2026-03-07,Web traffic,391
2026-03-08,Web traffic,408
2026-03-09,Web traffic,446
2026-03-10,Web traffic,537
2026-03-11,Web traffic,556
2026-03-12,Web traffic,524
2026-03-13,Web traffic,466
2026-03-14,Web traffic,363
2026-03-15,Web traffic,411
2026-03-16,Web traffic,530
2026-03-17,Web traffic,543
2026-03-18,Web traffic,562
2026-03-19,Web traffic,547
2026-03-20,Web traffic,491
2026-03-21,Web traffic,422
2026-03-22,Web traffic,479
2026-03-23,Web traffic,538
2026-03-24,Web traffic,609
2026-03-25,Web traffic,619
2026-03-26,Web traffic,619
2026-03-27,Web traffic,469
2026-03-28,Web traffic,368
2026-03-29,Web traffic,483
2026-03-30,Web traffic,492
2026-03-31,Web traffic,575
2026-04-01,Web traffic,622
2026-04-02,Web traffic,487
2026-04-03,Web traffic,415
2026-04-04,Web traffic,353
2026-04-05,Web traffic,390
2026-04-06,Web traffic,492
2026-04-07,Web traffic,563
2026-04-08,Web traffic,572
2026-04-09,Web traffic,476
2026-04-10,Web traffic,374
2026-04-11,Web traffic,393
2026-04-12,Web traffic,398
2026-04-13,Web traffic,498
2026-04-14,Web traffic,578
2026-04-15,Web traffic,584
2026-04-16,Web traffic,557
2026-04-17,Web traffic,469
2026-04-18,Web traffic,433
2026-04-19,Web traffic,420
2026-04-20,Web traffic,509
2026-04-21,Web traffic,593
2026-04-22,Web traffic,630
2026-04-23,Web traffic,549
2026-04-24,Web traffic,497
2026-04-25,Web traffic,426
2026-04-26,Web traffic,447
2026-04-27,Web traffic,542
2026-04-28,Web traffic,531
2026-04-29,Web traffic,565
2026-04-30,Web traffic,507
2026-05-01,Web traffic,401
2026-05-02,Web traffic,395
2026-05-03,Web traffic,448
2026-05-04,Web traffic,485
2026-05-05,Web traffic,566
2026-05-06,Web traffic,605
2026-05-07,Web traffic,561
2026-05-08,Web traffic,442
2026-05-09,Web traffic,433
2026-05-10,Web traffic,415
2026-05-11,Web traffic,461
2026-05-12,Web traffic,540
2026-05-13,Web traffic,535
2026-05-14,Web traffic,507
2026-05-15,Web traffic,448
2026-05-16,Web traffic,436
2026-05-17,Web traffic,483
2026-05-18,Web traffic,471
2026-05-19,Web traffic,596
2026-05-20,Web traffic,577
2026-05-21,Web traffic,574
2026-05-22,Web traffic,482
2026-05-23,Web traffic,387
2026-05-24,Web traffic,483
2026-05-25,Web traffic,511
2026-05-26,Web traffic,583
2026-05-27,Web traffic,584
2026-05-28,Web traffic,544
2026-05-29,Web traffic,494
2026-05-30,Web traffic,424
2026-05-31,Web traffic,452
2026-06-01,Web traffic,520
2026-06-02,Web traffic,613
2026-06-03,Web traffic,580
2026-06-04,Web traffic,495
2026-06-05,Web traffic,485
2026-06-06,Web traffic,395
2026-06-07,Web traffic,451
2026-06-08,Web traffic,500
2026-06-09,Web traffic,556
2026-06-10,Web traffic,587
2026-06-11,Web traffic,585
2026-06-12,Web traffic,513
2026-06-13,Web traffic,411
2026-06-14,Web traffic,435
2026-06-15,Web traffic,535
2026-06-16,Web traffic,556
2026-06-17,Web traffic,611
2026-06-18,Web traffic,557
2026-06-19,Web traffic,492
2026-06-20,Web traffic,415
2026-06-21,Web traffic,414
2026-06-22,Web traffic,474
2026-06-23,Web traffic,572
2026-06-24,Web traffic,609
2026-06-25,Web traffic,565
2026-06-26,Web traffic,548
2026-06-27,Web traffic,474
2026-06-28,Web traffic,431
2026-06-29,Web traffic,535
2026-06-30,Web traffic,581
2026-07-01,Web traffic,597
2026-07-02,Web traffic,558
2026-07-03,Web traffic,488
2026-07-04,Web traffic,408
2026-07-05,Web traffic,462
2026-07-06,Web traffic,467
2026-07-07,Web traffic,568
2026-07-08,Web traffic,656
2026-07-09,Web traffic,540
2026-07-10,Web traffic,496
2026-07-11,Web traffic,411
2026-07-12,Web traffic,444
2026-07-13,Web traffic,500
2026-07-14,Web traffic,570
2026-07-15,Web traffic,575
2026-07-16,Web traffic,564
2026-07-17,Web traffic,455
2026-07-18,Web traffic,453
2026-07-19,Web traffic,486
2026-07-20,Web traffic,541
2026-07-21,Web traffic,596
2026-07-22,Web traffic,637
2026-07-23,Web traffic,569
2026-07-24,Web traffic,527
2026-07-25,Web traffic,401
2026-07-26,Web traffic,460
2026-07-27,Web traffic,482
2026-07-28,Web traffic,564
2026-07-29,Web traffic,659
2026-07-30,Web traffic,594
2026-07-31,Web traffic,467
2026-08-01,Web traffic,392
2026-08-02,Web traffic,364
2026-08-03,Web traffic,498
2026-08-04,Web traffic,648
2026-08-05,Web traffic,607
2026-08-06,Web traffic,528
2026-08-07,Web traffic,476
2026-08-08,Web traffic,370
2026-08-09,Web traffic,423
2026-08-10,Web traffic,505
2026-08-11,Web traffic,572
2026-08-12,Web traffic,616
2026-08-13,Web traffic,558
2026-08-14,Web traffic,493
2026-08-15,Web traffic,410
2026-08-16,Web traffic,476
2026-08-17,Web traffic,572
2026-08-18,Web traffic,574
2026-08-19,Web traffic,597
2026-08-20,Web traffic,615
2026-08-21,Web traffic,497
2026-08-22,Web traffic,495
2026-08-23,Web traffic,463
2026-08-24,Web traffic,587
2026-08-25,Web traffic,620
2026-08-26,Web traffic,640
2026-08-27,Web traffic,626
2026-08-28,Web traffic,491
2026-08-29,Web traffic,423
2026-08-30,Web traffic,451
2026-08-31,Web traffic,542
2026-09-01,Web traffic,552
2026-09-02,Web traffic,627
2026-09-03,Web traffic,542
2026-09-04,Web traffic,507
2026-09-05,Web traffic,357
2026-09-06,Web traffic,417
2026-09-07,Web traffic,461
2026-09-08,Web traffic,554
2026-09-09,Web traffic,602
2026-09-10,Web traffic,543
2026-09-11,Web traffic,465
2026-09-12,Web traffic,421
2026-09-13,Web traffic,452
2026-09-14,Web traffic,493
2026-09-15,Web traffic,615
2026-09-16,Web traffic,636
2026-09-17,Web traffic,584
2026-09-18,Web traffic,515
2026-09-19,Web traffic,463
2026-09-20,Web traffic,533
2026-09-21,Web traffic,546
2026-09-22,Web traffic,613
2026-09-23,Web traffic,619
2026-09-24,Web traffic,562
2026-09-25,Web traffic,478
2026-09-26,Web traffic,438
2025-03-16,Support requests,99
2025-03-17,Support requests,136
2025-03-18,Support requests,163
2025-03-19,Support requests,161
2025-03-20,Support requests,163
2025-03-21,Support requests,129
2025-03-22,Support requests,97
2025-03-23,Support requests,99
2025-03-24,Support requests,144
2025-03-25,Support requests,169
2025-03-26,Support requests,154
2025-03-27,Support requests,151
2025-03-28,Support requests,121
2025-03-29,Support requests,85
2025-03-30,Support requests,105
2025-03-31,Support requests,112
2025-04-01,Support requests,177
2025-04-02,Support requests,182
2025-04-03,Support requests,141
2025-04-04,Support requests,115
2025-04-05,Support requests,57
2025-04-06,Support requests,80
2025-04-07,Support requests,121
2025-04-08,Support requests,140
2025-04-09,Support requests,171
2025-04-10,Support requests,168
2025-04-11,Support requests,94
2025-04-12,Support requests,79
2025-04-13,Support requests,101
2025-04-14,Support requests,150
2025-04-15,Support requests,145
2025-04-16,Support requests,172
2025-04-17,Support requests,174
2025-04-18,Support requests,97
2025-04-19,Support requests,82
2025-04-20,Support requests,102
2025-04-21,Support requests,131
2025-04-22,Support requests,178
2025-04-23,Support requests,178
2025-04-24,Support requests,132
2025-04-25,Support requests,128
2025-04-26,Support requests,93
2025-04-27,Support requests,123
2025-04-28,Support requests,127
2025-04-29,Support requests,156
2025-04-30,Support requests,177
2025-05-01,Support requests,158
2025-05-02,Support requests,120
2025-05-03,Support requests,70
2025-05-04,Support requests,105
2025-05-05,Support requests,114
2025-05-06,Support requests,159
2025-05-07,Support requests,145
2025-05-08,Support requests,148
2025-05-09,Support requests,99
2025-05-10,Support requests,73
2025-05-11,Support requests,107
2025-05-12,Support requests,131
2025-05-13,Support requests,151
2025-05-14,Support requests,186
2025-05-15,Support requests,142
2025-05-16,Support requests,117
2025-05-17,Support requests,101
2025-05-18,Support requests,98
2025-05-19,Support requests,143
2025-05-20,Support requests,160
2025-05-21,Support requests,170
2025-05-22,Support requests,173
2025-05-23,Support requests,109
2025-05-24,Support requests,71
2025-05-25,Support requests,131
2025-05-26,Support requests,172
2025-05-27,Support requests,163
2025-05-28,Support requests,149
2025-05-29,Support requests,149
2025-05-30,Support requests,115
2025-05-31,Support requests,94
2025-06-01,Support requests,88
2025-06-02,Support requests,139
2025-06-03,Support requests,167
2025-06-04,Support requests,147
2025-06-05,Support requests,154
2025-06-06,Support requests,138
2025-06-07,Support requests,93
2025-06-08,Support requests,93
2025-06-09,Support requests,126
2025-06-10,Support requests,166
2025-06-11,Support requests,143
2025-06-12,Support requests,148
2025-06-13,Support requests,109
2025-06-14,Support requests,119
2025-06-15,Support requests,101
2025-06-16,Support requests,156
2025-06-17,Support requests,152
2025-06-18,Support requests,182
2025-06-19,Support requests,159
2025-06-20,Support requests,112
2025-06-21,Support requests,106
2025-06-22,Support requests,127
2025-06-23,Support requests,137
2025-06-24,Support requests,149
2025-06-25,Support requests,177
2025-06-26,Support requests,145
2025-06-27,Support requests,118
2025-06-28,Support requests,100
2025-06-29,Support requests,85
2025-06-30,Support requests,115
2025-07-01,Support requests,170
2025-07-02,Support requests,163
2025-07-03,Support requests,115
2025-07-04,Support requests,125
2025-07-05,Support requests,96
2025-07-06,Support requests,90
2025-07-07,Support requests,112
2025-07-08,Support requests,169
2025-07-09,Support requests,170
2025-07-10,Support requests,177
2025-07-11,Support requests,119
2025-07-12,Support requests,99
2025-07-13,Support requests,100
2025-07-14,Support requests,143
2025-07-15,Support requests,172
2025-07-16,Support requests,189
2025-07-17,Support requests,147
2025-07-18,Support requests,116
2025-07-19,Support requests,96
2025-07-20,Support requests,121
2025-07-21,Support requests,161
2025-07-22,Support requests,166
2025-07-23,Support requests,174
2025-07-24,Support requests,163
2025-07-25,Support requests,122
2025-07-26,Support requests,117
2025-07-27,Support requests,82
2025-07-28,Support requests,129
2025-07-29,Support requests,159
2025-07-30,Support requests,145
2025-07-31,Support requests,140
2025-08-01,Support requests,107
2025-08-02,Support requests,94
2025-08-03,Support requests,118
2025-08-04,Support requests,129
2025-08-05,Support requests,147
2025-08-06,Support requests,167
2025-08-07,Support requests,160
2025-08-08,Support requests,101
2025-08-09,Support requests,81
2025-08-10,Support requests,108
2025-08-11,Support requests,129
2025-08-12,Support requests,171
2025-08-13,Support requests,170
2025-08-14,Support requests,160
2025-08-15,Support requests,106
2025-08-16,Support requests,100
2025-08-17,Support requests,106
2025-08-18,Support requests,124
2025-08-19,Support requests,151
2025-08-20,Support requests,188
2025-08-21,Support requests,155
2025-08-22,Support requests,114
2025-08-23,Support requests,105
2025-08-24,Support requests,129
2025-08-25,Support requests,114
2025-08-26,Support requests,153
2025-08-27,Support requests,167
2025-08-28,Support requests,176
2025-08-29,Support requests,127
2025-08-30,Support requests,111
2025-08-31,Support requests,93
2025-09-01,Support requests,121
2025-09-02,Support requests,170
2025-09-03,Support requests,171
2025-09-04,Support requests,156
2025-09-05,Support requests,113
2025-09-06,Support requests,98
2025-09-07,Support requests,104
2025-09-08,Support requests,142
2025-09-09,Support requests,172
2025-09-10,Support requests,148
2025-09-11,Support requests,121
2025-09-12,Support requests,131
2025-09-13,Support requests,114
2025-09-14,Support requests,94
2025-09-15,Support requests,114
2025-09-16,Support requests,171
2025-09-17,Support requests,190
2025-09-18,Support requests,182
2025-09-19,Support requests,133
2025-09-20,Support requests,102
2025-09-21,Support requests,103
2025-09-22,Support requests,145
2025-09-23,Support requests,171
2025-09-24,Support requests,169
2025-09-25,Support requests,188
2025-09-26,Support requests,150
2025-09-27,Support requests,121
2025-09-28,Support requests,100
2025-09-29,Support requests,152
2025-09-30,Support requests,177
2025-10-01,Support requests,181
2025-10-02,Support requests,169
2025-10-03,Support requests,127
2025-10-04,Support requests,107
2025-10-05,Support requests,112
2025-10-06,Support requests,138
2025-10-07,Support requests,139
2025-10-08,Support requests,171
2025-10-09,Support requests,142
2025-10-10,Support requests,100
2025-10-11,Support requests,119
2025-10-12,Support requests,128
2025-10-13,Support requests,154
2025-10-14,Support requests,171
2025-10-15,Support requests,194
2025-10-16,Support requests,157
2025-10-17,Support requests,128
2025-10-18,Support requests,92
2025-10-19,Support requests,120
2025-10-20,Support requests,146
2025-10-21,Support requests,159
2025-10-22,Support requests,183
2025-10-23,Support requests,162
2025-10-24,Support requests,153
2025-10-25,Support requests,121
2025-10-26,Support requests,116
2025-10-27,Support requests,148
2025-10-28,Support requests,174
2025-10-29,Support requests,177
2025-10-30,Support requests,144
2025-10-31,Support requests,122
2025-11-01,Support requests,92
2025-11-02,Support requests,92
2025-11-03,Support requests,143
2025-11-04,Support requests,170
2025-11-05,Support requests,149
2025-11-06,Support requests,149
2025-11-07,Support requests,131
2025-11-08,Support requests,111
2025-11-09,Support requests,118
2025-11-10,Support requests,136
2025-11-11,Support requests,155
2025-11-12,Support requests,160
2025-11-13,Support requests,159
2025-11-14,Support requests,128
2025-11-15,Support requests,121
2025-11-16,Support requests,127
2025-11-17,Support requests,142
2025-11-18,Support requests,158
2025-11-19,Support requests,179
2025-11-20,Support requests,166
2025-11-21,Support requests,128
2025-11-22,Support requests,103
2025-11-23,Support requests,121
2025-11-24,Support requests,141
2025-11-25,Support requests,169
2025-11-26,Support requests,188
2025-11-27,Support requests,157
2025-11-28,Support requests,131
2025-11-29,Support requests,110
2025-11-30,Support requests,97
2025-12-01,Support requests,134
2025-12-02,Support requests,188
2025-12-03,Support requests,160
2025-12-04,Support requests,126
2025-12-05,Support requests,96
2025-12-06,Support requests,99
2025-12-07,Support requests,106
2025-12-08,Support requests,134
2025-12-09,Support requests,181
2025-12-10,Support requests,139
2025-12-11,Support requests,159
2025-12-12,Support requests,142
2025-12-13,Support requests,87
2025-12-14,Support requests,106
2025-12-15,Support requests,132
2025-12-16,Support requests,161
2025-12-17,Support requests,177
2025-12-18,Support requests,181
2025-12-19,Support requests,154
2025-12-20,Support requests,106
2025-12-21,Support requests,144
2025-12-22,Support requests,149
2025-12-23,Support requests,202
2025-12-24,Support requests,185
2025-12-25,Support requests,167
2025-12-26,Support requests,136
2025-12-27,Support requests,152
2025-12-28,Support requests,128
2025-12-29,Support requests,136
2025-12-30,Support requests,186
2025-12-31,Support requests,175
2026-01-01,Support requests,152
2026-01-02,Support requests,136
2026-01-03,Support requests,103
2026-01-04,Support requests,112
2026-01-05,Support requests,138
2026-01-06,Support requests,171
2026-01-07,Support requests,179
2026-01-08,Support requests,128
2026-01-09,Support requests,129
2026-01-10,Support requests,88
2026-01-11,Support requests,90
2026-01-12,Support requests,139
2026-01-13,Support requests,172
2026-01-14,Support requests,170
2026-01-15,Support requests,171
2026-01-16,Support requests,111
2026-01-17,Support requests,104
2026-01-18,Support requests,110
2026-01-19,Support requests,148
2026-01-20,Support requests,183
2026-01-21,Support requests,174
2026-01-22,Support requests,176
2026-01-23,Support requests,135
2026-01-24,Support requests,89
2026-01-25,Support requests,95
2026-01-26,Support requests,149
2026-01-27,Support requests,175
2026-01-28,Support requests,183
2026-01-29,Support requests,162
2026-01-30,Support requests,131
2026-01-31,Support requests,119
2026-02-01,Support requests,98
2026-02-02,Support requests,126
2026-02-03,Support requests,156
2026-02-04,Support requests,180
2026-02-05,Support requests,171
2026-02-06,Support requests,116
2026-02-07,Support requests,69
2026-02-08,Support requests,87
2026-02-09,Support requests,128
2026-02-10,Support requests,162
2026-02-11,Support requests,172
2026-02-12,Support requests,159
2026-02-13,Support requests,123
2026-02-14,Support requests,121
2026-02-15,Support requests,107
2026-02-16,Support requests,136
2026-02-17,Support requests,184
2026-02-18,Support requests,167
2026-02-19,Support requests,172
2026-02-20,Support requests,136
2026-02-21,Support requests,113
2026-02-22,Support requests,143
2026-02-23,Support requests,144
2026-02-24,Support requests,208
2026-02-25,Support requests,185
2026-02-26,Support requests,150
2026-02-27,Support requests,134
2026-02-28,Support requests,97
2026-03-01,Support requests,107
2026-03-02,Support requests,151
2026-03-03,Support requests,181
2026-03-04,Support requests,172
2026-03-05,Support requests,171
2026-03-06,Support requests,140
2026-03-07,Support requests,122
2026-03-08,Support requests,117
2026-03-09,Support requests,157
2026-03-10,Support requests,145
2026-03-11,Support requests,173
2026-03-12,Support requests,146
2026-03-13,Support requests,127
2026-03-14,Support requests,98
2026-03-15,Support requests,112
2026-03-16,Support requests,170
2026-03-17,Support requests,174
2026-03-18,Support requests,190
2026-03-19,Support requests,163
2026-03-20,Support requests,135
2026-03-21,Support requests,114
2026-03-22,Support requests,128
2026-03-23,Support requests,168
2026-03-24,Support requests,204
2026-03-25,Support requests,194
2026-03-26,Support requests,177
2026-03-27,Support requests,121
2026-03-28,Support requests,114
2026-03-29,Support requests,134
2026-03-30,Support requests,161
2026-03-31,Support requests,181
2026-04-01,Support requests,196
2026-04-02,Support requests,169
2026-04-03,Support requests,144
2026-04-04,Support requests,111
2026-04-05,Support requests,108
2026-04-06,Support requests,146
2026-04-07,Support requests,133
2026-04-08,Support requests,183
2026-04-09,Support requests,110
2026-04-10,Support requests,102
2026-04-11,Support requests,111
2026-04-12,Support requests,119
2026-04-13,Support requests,128
2026-04-14,Support requests,165
2026-04-15,Support requests,201
2026-04-16,Support requests,157
2026-04-17,Support requests,161
2026-04-18,Support requests,113
2026-04-19,Support requests,127
2026-04-20,Support requests,173
2026-04-21,Support requests,185
2026-04-22,Support requests,178
2026-04-23,Support requests,170
2026-04-24,Support requests,138
2026-04-25,Support requests,100
2026-04-26,Support requests,121
2026-04-27,Support requests,144
2026-04-28,Support requests,195
2026-04-29,Support requests,189
2026-04-30,Support requests,164
2026-05-01,Support requests,132
2026-05-02,Support requests,114
2026-05-03,Support requests,125
2026-05-04,Support requests,133
2026-05-05,Support requests,161
2026-05-06,Support requests,195
2026-05-07,Support requests,154
2026-05-08,Support requests,108
2026-05-09,Support requests,111
2026-05-10,Support requests,119
2026-05-11,Support requests,123
2026-05-12,Support requests,176
2026-05-13,Support requests,191
2026-05-14,Support requests,167
2026-05-15,Support requests,138
2026-05-16,Support requests,93
2026-05-17,Support requests,124
2026-05-18,Support requests,147
2026-05-19,Support requests,175
2026-05-20,Support requests,201
2026-05-21,Support requests,190
2026-05-22,Support requests,162
2026-05-23,Support requests,136
2026-05-24,Support requests,125
2026-05-25,Support requests,161
2026-05-26,Support requests,196
2026-05-27,Support requests,194
2026-05-28,Support requests,173
2026-05-29,Support requests,148
2026-05-30,Support requests,115
2026-05-31,Support requests,112
2026-06-01,Support requests,145
2026-06-02,Support requests,187
2026-06-03,Support requests,185
2026-06-04,Support requests,167
2026-06-05,Support requests,138
2026-06-06,Support requests,103
2026-06-07,Support requests,124
2026-06-08,Support requests,149
2026-06-09,Support requests,157
2026-06-10,Support requests,200
2026-06-11,Support requests,154
2026-06-12,Support requests,107
2026-06-13,Support requests,96
2026-06-14,Support requests,104
2026-06-15,Support requests,149
2026-06-16,Support requests,176
2026-06-17,Support requests,184
2026-06-18,Support requests,177
2026-06-19,Support requests,142
2026-06-20,Support requests,122
2026-06-21,Support requests,132
2026-06-22,Support requests,165
2026-06-23,Support requests,160
2026-06-24,Support requests,190
2026-06-25,Support requests,146
2026-06-26,Support requests,141
2026-06-27,Support requests,119
2026-06-28,Support requests,140
2026-06-29,Support requests,170
2026-06-30,Support requests,186
2026-07-01,Support requests,183
2026-07-02,Support requests,174
2026-07-03,Support requests,126
2026-07-04,Support requests,111
2026-07-05,Support requests,130
2026-07-06,Support requests,139
2026-07-07,Support requests,186
2026-07-08,Support requests,191
2026-07-09,Support requests,149
2026-07-10,Support requests,141
2026-07-11,Support requests,118
2026-07-12,Support requests,118
2026-07-13,Support requests,137
2026-07-14,Support requests,167
2026-07-15,Support requests,179
2026-07-16,Support requests,174
2026-07-17,Support requests,123
2026-07-18,Support requests,122
2026-07-19,Support requests,109
2026-07-20,Support requests,153
2026-07-21,Support requests,188
2026-07-22,Support requests,227
2026-07-23,Support requests,157
2026-07-24,Support requests,161
2026-07-25,Support requests,124
2026-07-26,Support requests,134
2026-07-27,Support requests,160
2026-07-28,Support requests,193
2026-07-29,Support requests,192
2026-07-30,Support requests,191
2026-07-31,Support requests,132
2026-08-01,Support requests,131
2026-08-02,Support requests,114
2026-08-03,Support requests,150
2026-08-04,Support requests,165
2026-08-05,Support requests,191
2026-08-06,Support requests,183
2026-08-07,Support requests,129
2026-08-08,Support requests,107
2026-08-09,Support requests,102
2026-08-10,Support requests,144
2026-08-11,Support requests,156
2026-08-12,Support requests,173
2026-08-13,Support requests,168
2026-08-14,Support requests,151
2026-08-15,Support requests,151
2026-08-16,Support requests,115
2026-08-17,Support requests,173
2026-08-18,Support requests,188
2026-08-19,Support requests,192
2026-08-20,Support requests,180
2026-08-21,Support requests,143
2026-08-22,Support requests,124
2026-08-23,Support requests,125
2026-08-24,Support requests,142
2026-08-25,Support requests,170
2026-08-26,Support requests,205
2026-08-27,Support requests,172
2026-08-28,Support requests,134
2026-08-29,Support requests,120
2026-08-30,Support requests,137
2026-08-31,Support requests,157
2026-09-01,Support requests,175
2026-09-02,Support requests,205
2026-09-03,Support requests,188
2026-09-04,Support requests,140
2026-09-05,Support requests,125
2026-09-06,Support requests,135
2026-09-07,Support requests,163
2026-09-08,Support requests,186
2026-09-09,Support requests,193
2026-09-10,Support requests,172
2026-09-11,Support requests,118
2026-09-12,Support requests,122
2026-09-13,Support requests,103
2026-09-14,Support requests,142
2026-09-15,Support requests,200
2026-09-16,Support requests,203
2026-09-17,Support requests,192
2026-09-18,Support requests,137
2026-09-19,Support requests,107
2026-09-20,Support requests,127
2026-09-21,Support requests,162
2026-09-22,Support requests,192
2026-09-23,Support requests,213
2026-09-24,Support requests,173
2026-09-25,Support requests,149
2026-09-26,Support requests,111
2025-03-16,Daily orders,203
2025-03-17,Daily orders,243
2025-03-18,Daily orders,275
2025-03-19,Daily orders,301
2025-03-20,Daily orders,271
2025-03-21,Daily orders,219
2025-03-22,Daily orders,232
2025-03-23,Daily orders,203
2025-03-24,Daily orders,247
2025-03-25,Daily orders,253
2025-03-26,Daily orders,290
2025-03-27,Daily orders,270
2025-03-28,Daily orders,207
2025-03-29,Daily orders,218
2025-03-30,Daily orders,194
2025-03-31,Daily orders,270
2025-04-01,Daily orders,288
2025-04-02,Daily orders,297
2025-04-03,Daily orders,259
2025-04-04,Daily orders,207
2025-04-05,Daily orders,211
2025-04-06,Daily orders,133
2025-04-07,Daily orders,186
2025-04-08,Daily orders,265
2025-04-09,Daily orders,289
2025-04-10,Daily orders,273
2025-04-11,Daily orders,217
2025-04-12,Daily orders,168
2025-04-13,Daily orders,212
2025-04-14,Daily orders,262
2025-04-15,Daily orders,292
2025-04-16,Daily orders,324
2025-04-17,Daily orders,279
2025-04-18,Daily orders,210
2025-04-19,Daily orders,208
2025-04-20,Daily orders,208
2025-04-21,Daily orders,254
2025-04-22,Daily orders,334
2025-04-23,Daily orders,260
2025-04-24,Daily orders,250
2025-04-25,Daily orders,203
2025-04-26,Daily orders,187
2025-04-27,Daily orders,200
2025-04-28,Daily orders,217
2025-04-29,Daily orders,273
2025-04-30,Daily orders,285
2025-05-01,Daily orders,324
2025-05-02,Daily orders,255
2025-05-03,Daily orders,171
2025-05-04,Daily orders,182
2025-05-05,Daily orders,210
2025-05-06,Daily orders,239
2025-05-07,Daily orders,289
2025-05-08,Daily orders,237
2025-05-09,Daily orders,205
2025-05-10,Daily orders,140
2025-05-11,Daily orders,171
2025-05-12,Daily orders,240
2025-05-13,Daily orders,293
2025-05-14,Daily orders,308
2025-05-15,Daily orders,240
2025-05-16,Daily orders,238
2025-05-17,Daily orders,172
2025-05-18,Daily orders,217
2025-05-19,Daily orders,252
2025-05-20,Daily orders,271
2025-05-21,Daily orders,308
2025-05-22,Daily orders,291
2025-05-23,Daily orders,245
2025-05-24,Daily orders,197
2025-05-25,Daily orders,245
2025-05-26,Daily orders,279
2025-05-27,Daily orders,297
2025-05-28,Daily orders,329
2025-05-29,Daily orders,321
2025-05-30,Daily orders,267
2025-05-31,Daily orders,162
2025-06-01,Daily orders,178
2025-06-02,Daily orders,275
2025-06-03,Daily orders,264
2025-06-04,Daily orders,268
2025-06-05,Daily orders,253
2025-06-06,Daily orders,219
2025-06-07,Daily orders,175
2025-06-08,Daily orders,174
2025-06-09,Daily orders,221
2025-06-10,Daily orders,268
2025-06-11,Daily orders,277
2025-06-12,Daily orders,316
2025-06-13,Daily orders,223
2025-06-14,Daily orders,205
2025-06-15,Daily orders,189
2025-06-16,Daily orders,245
2025-06-17,Daily orders,283
2025-06-18,Daily orders,255
2025-06-19,Daily orders,252
2025-06-20,Daily orders,192
2025-06-21,Daily orders,152
2025-06-22,Daily orders,187
2025-06-23,Daily orders,290
2025-06-24,Daily orders,307
2025-06-25,Daily orders,347
2025-06-26,Daily orders,294
2025-06-27,Daily orders,249
2025-06-28,Daily orders,177
2025-06-29,Daily orders,218
2025-06-30,Daily orders,267
2025-07-01,Daily orders,283
2025-07-02,Daily orders,317
2025-07-03,Daily orders,283
2025-07-04,Daily orders,204
2025-07-05,Daily orders,158
2025-07-06,Daily orders,167
2025-07-07,Daily orders,241
2025-07-08,Daily orders,292
2025-07-09,Daily orders,280
2025-07-10,Daily orders,266
2025-07-11,Daily orders,227
2025-07-12,Daily orders,197
2025-07-13,Daily orders,231
2025-07-14,Daily orders,274
2025-07-15,Daily orders,273
2025-07-16,Daily orders,347
2025-07-17,Daily orders,268
2025-07-18,Daily orders,253
2025-07-19,Daily orders,201
2025-07-20,Daily orders,204
2025-07-21,Daily orders,222
2025-07-22,Daily orders,306
2025-07-23,Daily orders,288
2025-07-24,Daily orders,311
2025-07-25,Daily orders,271
2025-07-26,Daily orders,186
2025-07-27,Daily orders,221
2025-07-28,Daily orders,244
2025-07-29,Daily orders,291
2025-07-30,Daily orders,331
2025-07-31,Daily orders,278
2025-08-01,Daily orders,263
2025-08-02,Daily orders,179
2025-08-03,Daily orders,221
2025-08-04,Daily orders,246
2025-08-05,Daily orders,307
2025-08-06,Daily orders,290
2025-08-07,Daily orders,266
2025-08-08,Daily orders,212
2025-08-09,Daily orders,165
2025-08-10,Daily orders,210
2025-08-11,Daily orders,258
2025-08-12,Daily orders,305
2025-08-13,Daily orders,340
2025-08-14,Daily orders,308
2025-08-15,Daily orders,218
2025-08-16,Daily orders,205
2025-08-17,Daily orders,197
2025-08-18,Daily orders,260
2025-08-19,Daily orders,296
2025-08-20,Daily orders,358
2025-08-21,Daily orders,299
2025-08-22,Daily orders,235
2025-08-23,Daily orders,234
2025-08-24,Daily orders,172
2025-08-25,Daily orders,221
2025-08-26,Daily orders,329
2025-08-27,Daily orders,323
2025-08-28,Daily orders,293
2025-08-29,Daily orders,204
2025-08-30,Daily orders,198
2025-08-31,Daily orders,252
2025-09-01,Daily orders,270
2025-09-02,Daily orders,301
2025-09-03,Daily orders,297
2025-09-04,Daily orders,264
2025-09-05,Daily orders,172
2025-09-06,Daily orders,191
2025-09-07,Daily orders,215
2025-09-08,Daily orders,209
2025-09-09,Daily orders,277
2025-09-10,Daily orders,279
2025-09-11,Daily orders,252
2025-09-12,Daily orders,224
2025-09-13,Daily orders,147
2025-09-14,Daily orders,221
2025-09-15,Daily orders,273
2025-09-16,Daily orders,300
2025-09-17,Daily orders,265
2025-09-18,Daily orders,268
2025-09-19,Daily orders,267
2025-09-20,Daily orders,148
2025-09-21,Daily orders,214
2025-09-22,Daily orders,243
2025-09-23,Daily orders,334
2025-09-24,Daily orders,312
2025-09-25,Daily orders,303
2025-09-26,Daily orders,253
2025-09-27,Daily orders,247
2025-09-28,Daily orders,212
2025-09-29,Daily orders,269
2025-09-30,Daily orders,273
2025-10-01,Daily orders,341
2025-10-02,Daily orders,263
2025-10-03,Daily orders,213
2025-10-04,Daily orders,191
2025-10-05,Daily orders,167
2025-10-06,Daily orders,252
2025-10-07,Daily orders,315
2025-10-08,Daily orders,311
2025-10-09,Daily orders,238
2025-10-10,Daily orders,219
2025-10-11,Daily orders,207
2025-10-12,Daily orders,163
2025-10-13,Daily orders,229
2025-10-14,Daily orders,322
2025-10-15,Daily orders,322
2025-10-16,Daily orders,296
2025-10-17,Daily orders,278
2025-10-18,Daily orders,217
2025-10-19,Daily orders,235
2025-10-20,Daily orders,329
2025-10-21,Daily orders,313
2025-10-22,Daily orders,312
2025-10-23,Daily orders,307
2025-10-24,Daily orders,255
2025-10-25,Daily orders,201
2025-10-26,Daily orders,200
2025-10-27,Daily orders,319
2025-10-28,Daily orders,321
2025-10-29,Daily orders,307
2025-10-30,Daily orders,309
2025-10-31,Daily orders,232
2025-11-01,Daily orders,194
2025-11-02,Daily orders,221
2025-11-03,Daily orders,225
2025-11-04,Daily orders,306
2025-11-05,Daily orders,351
2025-11-06,Daily orders,286
2025-11-07,Daily orders,215
2025-11-08,Daily orders,180
2025-11-09,Daily orders,194
2025-11-10,Daily orders,246
2025-11-11,Daily orders,291
2025-11-12,Daily orders,333
2025-11-13,Daily orders,245
2025-11-14,Daily orders,252
2025-11-15,Daily orders,195
2025-11-16,Daily orders,226
2025-11-17,Daily orders,242
2025-11-18,Daily orders,345
2025-11-19,Daily orders,357
2025-11-20,Daily orders,320
2025-11-21,Daily orders,214
2025-11-22,Daily orders,234
2025-11-23,Daily orders,237
2025-11-24,Daily orders,239
2025-11-25,Daily orders,320
2025-11-26,Daily orders,339
2025-11-27,Daily orders,309
2025-11-28,Daily orders,246
2025-11-29,Daily orders,214
2025-11-30,Daily orders,249
2025-12-01,Daily orders,289
2025-12-02,Daily orders,243
2025-12-03,Daily orders,309
2025-12-04,Daily orders,278
2025-12-05,Daily orders,189
2025-12-06,Daily orders,196
2025-12-07,Daily orders,233
2025-12-08,Daily orders,228
2025-12-09,Daily orders,307
2025-12-10,Daily orders,292
2025-12-11,Daily orders,266
2025-12-12,Daily orders,263
2025-12-13,Daily orders,188
2025-12-14,Daily orders,224
2025-12-15,Daily orders,222
2025-12-16,Daily orders,354
2025-12-17,Daily orders,340
2025-12-18,Daily orders,293
2025-12-19,Daily orders,260
2025-12-20,Daily orders,185
2025-12-21,Daily orders,255
2025-12-22,Daily orders,270
2025-12-23,Daily orders,320
2025-12-24,Daily orders,325
2025-12-25,Daily orders,290
2025-12-26,Daily orders,265
2025-12-27,Daily orders,221
2025-12-28,Daily orders,240
2025-12-29,Daily orders,270
2025-12-30,Daily orders,326
2025-12-31,Daily orders,315
2026-01-01,Daily orders,338
2026-01-02,Daily orders,200
2026-01-03,Daily orders,228
2026-01-04,Daily orders,240
2026-01-05,Daily orders,237
2026-01-06,Daily orders,351
2026-01-07,Daily orders,335
2026-01-08,Daily orders,302
2026-01-09,Daily orders,230
2026-01-10,Daily orders,193
2026-01-11,Daily orders,207
2026-01-12,Daily orders,269
2026-01-13,Daily orders,340
2026-01-14,Daily orders,327
2026-01-15,Daily orders,273
2026-01-16,Daily orders,262
2026-01-17,Daily orders,234
2026-01-18,Daily orders,242
2026-01-19,Daily orders,293
2026-01-20,Daily orders,319
2026-01-21,Daily orders,317
2026-01-22,Daily orders,287
2026-01-23,Daily orders,218
2026-01-24,Daily orders,226
2026-01-25,Daily orders,230
2026-01-26,Daily orders,268
2026-01-27,Daily orders,258
2026-01-28,Daily orders,305
2026-01-29,Daily orders,322
2026-01-30,Daily orders,229
2026-01-31,Daily orders,216
2026-02-01,Daily orders,187
2026-02-02,Daily orders,294
2026-02-03,Daily orders,305
2026-02-04,Daily orders,324
2026-02-05,Daily orders,335
2026-02-06,Daily orders,265
2026-02-07,Daily orders,192
2026-02-08,Daily orders,198
2026-02-09,Daily orders,252
2026-02-10,Daily orders,318
2026-02-11,Daily orders,318
2026-02-12,Daily orders,281
2026-02-13,Daily orders,273
2026-02-14,Daily orders,208
2026-02-15,Daily orders,275
2026-02-16,Daily orders,276
2026-02-17,Daily orders,363
2026-02-18,Daily orders,345
2026-02-19,Daily orders,327
2026-02-20,Daily orders,240
2026-02-21,Daily orders,205
2026-02-22,Daily orders,246
2026-02-23,Daily orders,305
2026-02-24,Daily orders,330
2026-02-25,Daily orders,311
2026-02-26,Daily orders,276
2026-02-27,Daily orders,220
2026-02-28,Daily orders,178
2026-03-01,Daily orders,229
2026-03-02,Daily orders,296
2026-03-03,Daily orders,315
2026-03-04,Daily orders,275
2026-03-05,Daily orders,286
2026-03-06,Daily orders,233
2026-03-07,Daily orders,249
2026-03-08,Daily orders,182
2026-03-09,Daily orders,252
2026-03-10,Daily orders,345
2026-03-11,Daily orders,329
2026-03-12,Daily orders,301
2026-03-13,Daily orders,240
2026-03-14,Daily orders,214
2026-03-15,Daily orders,238
2026-03-16,Daily orders,253
2026-03-17,Daily orders,339
2026-03-18,Daily orders,304
2026-03-19,Daily orders,311
2026-03-20,Daily orders,258
2026-03-21,Daily orders,210
2026-03-22,Daily orders,236
2026-03-23,Daily orders,271
2026-03-24,Daily orders,309
2026-03-25,Daily orders,336
2026-03-26,Daily orders,287
2026-03-27,Daily orders,266
2026-03-28,Daily orders,199
2026-03-29,Daily orders,250
2026-03-30,Daily orders,253
2026-03-31,Daily orders,312
2026-04-01,Daily orders,320
2026-04-02,Daily orders,328
2026-04-03,Daily orders,251
2026-04-04,Daily orders,205
2026-04-05,Daily orders,230
2026-04-06,Daily orders,218
2026-04-07,Daily orders,310
2026-04-08,Daily orders,366
2026-04-09,Daily orders,292
2026-04-10,Daily orders,239
2026-04-11,Daily orders,218
2026-04-12,Daily orders,238
2026-04-13,Daily orders,224
2026-04-14,Daily orders,279
2026-04-15,Daily orders,335
2026-04-16,Daily orders,285
2026-04-17,Daily orders,280
2026-04-18,Daily orders,214
2026-04-19,Daily orders,192
2026-04-20,Daily orders,256
2026-04-21,Daily orders,272
2026-04-22,Daily orders,340
2026-04-23,Daily orders,310
2026-04-24,Daily orders,253
2026-04-25,Daily orders,253
2026-04-26,Daily orders,267
2026-04-27,Daily orders,283
2026-04-28,Daily orders,285
2026-04-29,Daily orders,355
2026-04-30,Daily orders,319
2026-05-01,Daily orders,260
2026-05-02,Daily orders,240
2026-05-03,Daily orders,202
2026-05-04,Daily orders,316
2026-05-05,Daily orders,296
2026-05-06,Daily orders,343
2026-05-07,Daily orders,256
2026-05-08,Daily orders,220
2026-05-09,Daily orders,241
2026-05-10,Daily orders,213
2026-05-11,Daily orders,285
2026-05-12,Daily orders,320
2026-05-13,Daily orders,325
2026-05-14,Daily orders,327
2026-05-15,Daily orders,242
2026-05-16,Daily orders,178
2026-05-17,Daily orders,214
2026-05-18,Daily orders,293
2026-05-19,Daily orders,339
2026-05-20,Daily orders,310
2026-05-21,Daily orders,298
2026-05-22,Daily orders,250
2026-05-23,Daily orders,224
2026-05-24,Daily orders,214
2026-05-25,Daily orders,277
2026-05-26,Daily orders,322
2026-05-27,Daily orders,365
2026-05-28,Daily orders,332
2026-05-29,Daily orders,258
2026-05-30,Daily orders,218
2026-05-31,Daily orders,239
2026-06-01,Daily orders,262
2026-06-02,Daily orders,300
2026-06-03,Daily orders,314
2026-06-04,Daily orders,286
2026-06-05,Daily orders,220
2026-06-06,Daily orders,215
2026-06-07,Daily orders,238
2026-06-08,Daily orders,234
2026-06-09,Daily orders,316
2026-06-10,Daily orders,323
2026-06-11,Daily orders,303
2026-06-12,Daily orders,245
2026-06-13,Daily orders,182
2026-06-14,Daily orders,200
2026-06-15,Daily orders,278
2026-06-16,Daily orders,349
2026-06-17,Daily orders,292
2026-06-18,Daily orders,319
2026-06-19,Daily orders,287
2026-06-20,Daily orders,228
2026-06-21,Daily orders,256
2026-06-22,Daily orders,277
2026-06-23,Daily orders,338
2026-06-24,Daily orders,317
2026-06-25,Daily orders,268
2026-06-26,Daily orders,288
2026-06-27,Daily orders,212
2026-06-28,Daily orders,234
2026-06-29,Daily orders,258
2026-06-30,Daily orders,303
2026-07-01,Daily orders,339
2026-07-02,Daily orders,292
2026-07-03,Daily orders,262
2026-07-04,Daily orders,229
2026-07-05,Daily orders,236
2026-07-06,Daily orders,279
2026-07-07,Daily orders,354
2026-07-08,Daily orders,307
2026-07-09,Daily orders,296
2026-07-10,Daily orders,270
2026-07-11,Daily orders,241
2026-07-12,Daily orders,195
2026-07-13,Daily orders,268
2026-07-14,Daily orders,353
2026-07-15,Daily orders,349
2026-07-16,Daily orders,312
2026-07-17,Daily orders,253
2026-07-18,Daily orders,220
2026-07-19,Daily orders,248
2026-07-20,Daily orders,286
2026-07-21,Daily orders,339
2026-07-22,Daily orders,355
2026-07-23,Daily orders,307
2026-07-24,Daily orders,282
2026-07-25,Daily orders,302
2026-07-26,Daily orders,210
2026-07-27,Daily orders,303
2026-07-28,Daily orders,324
2026-07-29,Daily orders,364
2026-07-30,Daily orders,318
2026-07-31,Daily orders,279
2026-08-01,Daily orders,253
2026-08-02,Daily orders,241
2026-08-03,Daily orders,306
2026-08-04,Daily orders,274
2026-08-05,Daily orders,371
2026-08-06,Daily orders,310
2026-08-07,Daily orders,272
2026-08-08,Daily orders,189
2026-08-09,Daily orders,209
2026-08-10,Daily orders,278
2026-08-11,Daily orders,322
2026-08-12,Daily orders,341
2026-08-13,Daily orders,328
2026-08-14,Daily orders,216
2026-08-15,Daily orders,246
2026-08-16,Daily orders,239
2026-08-17,Daily orders,283
2026-08-18,Daily orders,305
2026-08-19,Daily orders,362
2026-08-20,Daily orders,268
2026-08-21,Daily orders,285
2026-08-22,Daily orders,207
2026-08-23,Daily orders,253
2026-08-24,Daily orders,297
2026-08-25,Daily orders,372
2026-08-26,Daily orders,353
2026-08-27,Daily orders,308
2026-08-28,Daily orders,259
2026-08-29,Daily orders,264
2026-08-30,Daily orders,257
2026-08-31,Daily orders,281
2026-09-01,Daily orders,329
2026-09-02,Daily orders,309
2026-09-03,Daily orders,317
2026-09-04,Daily orders,216
2026-09-05,Daily orders,237
2026-09-06,Daily orders,234
2026-09-07,Daily orders,330
2026-09-08,Daily orders,299
2026-09-09,Daily orders,333
2026-09-10,Daily orders,343
2026-09-11,Daily orders,279
2026-09-12,Daily orders,206
2026-09-13,Daily orders,240
2026-09-14,Daily orders,284
2026-09-15,Daily orders,340
2026-09-16,Daily orders,333
2026-09-17,Daily orders,316
2026-09-18,Daily orders,233
2026-09-19,Daily orders,241
2026-09-20,Daily orders,262
2026-09-21,Daily orders,295
2026-09-22,Daily orders,313
2026-09-23,Daily orders,382
2026-09-24,Daily orders,336
2026-09-25,Daily orders,260
2026-09-26,Daily orders,236
